id ; iName ; overrideName
0246 ; FtrInsectAburazemi ; Ins17
0247 ; FtrInsectAgehacho ; Ins2
0248 ; FtrInsectAkaeritoribaneageha ; Ins7
0249 ; FtrInsectAkiakane ; Ins22
024A ; FtrInsectArekisandoratoribaneageha ; Ins8
024B ; FtrInsectAmenbo ; Ins27
024C ; FtrInsectAri ; Ins26
024E ; FtrInsectDangomushi ; Ins57
024F ; FtrInsectFunamushi ; Ins71
0250 ; FtrInsectGa ; Ins9
0252 ; FtrInsectGengorou ; Ins28
0253 ; FtrInsectGinyanma ; Ins23
0254 ; FtrInsectGoraiasuohtsunohanamuguri ; Ins55
0255 ; FtrInsectHae ; Ins59
0256 ; FtrInsectHanakamakiri ; Ins16
0257 ; FtrInsectHanmyou ; Ins70
0258 ; FtrInsectHerakuresuohkabuto ; Ins54
0259 ; FtrInsectHigurashi ; Ins20
025A ; FtrInsectHosoakakuwagata ; Ins49
025B ; FtrInsectHotaru ; Ins41
025C ; FtrInsectFunkorogashi ; Ins40
025D ; FtrInsectInago ; Ins67
025E ; FtrInsectKa ; Ins58
025F ; FtrInsectKamakiri ; Ins15
0260 ; FtrInsectKamemushi ; Ins64
0261 ; FtrInsectGomadarakamikiri ; Ins39
0262 ; FtrInsectKarasuageha ; Ins3
0263 ; FtrInsectKatatsumuri ; Ins29
0264 ; FtrInsectKabutomushi ; Ins51
0265 ; FtrInsectKirigirisu ; Ins32
0266 ; FtrInsectSenchikogane ; Ins42
0267 ; FtrInsectKohkasasuohkabuto ; Ins52
0268 ; FtrInsectKonohamushi ; Ins34
0269 ; FtrInsectKohrogi ; Ins30
026A ; FtrInsectKumazemi ; Ins65
026B ; FtrInsectKumo ; Ins61
026C ; FtrInsectMiirotateha ; Ins6
026D ; FtrInsectMinminzemi ; Ins18
026E ; FtrInsectMinomushi ; Ins36
026F ; FtrInsectMitsubachi ; Ins11
0270 ; FtrInsectMiyamakuwagata ; Ins45
0271 ; FtrInsectMonkicho ; Ins1
0272 ; FtrInsectMonshirocho ; Ins0
0273 ; FtrInsectMorufuocho ; Ins5
0274 ; FtrInsectMukade ; Ins60
0276 ; FtrInsectNanafushi ; Ins35
0277 ; FtrInsectNijiirokuwagata ; Ins48
0278 ; FtrInsectNokogirikuwagata ; Ins46
0279 ; FtrInsectNomi ; Ins56
027A ; FtrInsectOkera ; Ins33
027B ; FtrInsectOniyanma ; Ins24
027C ; FtrInsectOhkabamadara ; Ins4
027D ; FtrInsectOhkuwagata ; Ins47
027E ; FtrInsectOugononikuwagata ; Ins50
027F ; FtrInsectPurachinakogane ; Ins43
0280 ; FtrInsectSasori ; Ins63
0281 ; FtrInsectSeminonukegara ; Ins69
0282 ; FtrInsectSuzumushi ; Ins31
0283 ; FtrInsectHachi ; Ins12
0284 ; FtrInsectShoryobatta ; Ins13
0285 ; FtrInsectTamamushi ; Ins44
0286 ; FtrInsectTaranchura ; Ins62
0287 ; FtrInsectTentoumushi ; Ins37
0288 ; FtrInsectTonosamabatta ; Ins14
0289 ; FtrInsectTsukutsukuhousi ; Ins19
028A ; FtrInsectBaiorinmushi ; Ins38
028B ; FtrInsectYadokari ; Ins66
028C ; FtrInsectYonagunisan ; Ins10
028D ; FtrInsectZoukabuto ; Ins53
0D95 ; FtrInsectAosujiageha ; Ins72
0D96 ; FtrInsectOhgomamadara ; Ins73
0D97 ; FtrInsectOhmurasaki ; Ins74
0D98 ; FtrInsectKanabun ; Ins75
0D9A ; FtrInsectGirafanokogirikuwagata ; Ins77
0D9B ; FtrInsectJinmenkamemushi ; Ins78
0D9C ; FtrInsectNishikiohtsubamega ; Ins79
0D9D ; FtrInsectHousekizoumushi ; Ins80
0D9F ; FtrInsectRuriboshikamikiri ; Ins82
1425 ; FtrInsectTagame ; Ins76
14DB ; FtrInsectItotonbo ; Ins81
0148 ; FtrFishFuna ; Fish2
0149 ; FtrFishKingyo ; Fish7
08A7 ; FtrFishTanago ; Fish0
08A8 ; FtrFishOikawa ; Fish1
08A9 ; FtrFishUgui ; Fish3
08AB ; FtrFishKoi ; Fish5
08AC ; FtrFishNishikigoi ; Fish6
08AD ; FtrFishDemekin ; Fish8
08AE ; FtrFishMedaka ; Fish9
08AF ; FtrFishZarigani ; Fish10
08B0 ; FtrFishSuppon ; Fish65
08B1 ; FtrFishOtama ; Fish64
08B2 ; FtrFishKaeru ; Fish11
08B3 ; FtrFishDonko ; Fish12
08B4 ; FtrFishDojou ; Fish13
08B5 ; FtrFishNamazu ; Fish14
08B7 ; FtrFishRaigyo ; Fish16
08B8 ; FtrFishBlueguill ; Fish17
08B9 ; FtrFishYellowparch ; Fish18
08BA ; FtrFishBlackbass ; Fish19
08BB ; FtrFishPaiku ; Fish20
08BC ; FtrFishWakasagi ; Fish21
08BD ; FtrFishAyu ; Fish22
08BE ; FtrFishYamame ; Fish23
08BF ; FtrFishOoiwana ; Fish24
08C1 ; FtrFishItou ; Fish26
08C2 ; FtrFishSake ; Fish27
08C3 ; FtrFishKingsalmon ; Fish28
08C4 ; FtrFishShanghai ; Fish66
08C5 ; FtrFishGuppi ; Fish29
08C6 ; FtrFishDoctor ; Fish67
08C7 ; FtrFishAngelfish ; Fish30
08C8 ; FtrFishNeontetora ; Fish31
08C9 ; FtrFishPirania ; Fish32
08CA ; FtrFishArowana ; Fish33
08CB ; FtrFishDolado ; Fish34
08CC ; FtrFishGa ; Fish35
08CD ; FtrFishPiraruku ; Fish36
08CE ; FtrFishEndlicheri ; Fish68
08CF ; FtrFishKurione ; Fish37
08D0 ; FtrFishTatsunootoshigo ; Fish39
08D1 ; FtrFishKumanomi ; Fish40
08D2 ; FtrFishNanyouhagi ; Fish41
08D3 ; FtrFishChouchouuo ; Fish42
08D4 ; FtrFishNaporeonfish ; Fish43
08D5 ; FtrFishMinokasago ; Fish44
08D6 ; FtrFishFugu ; Fish73
08D7 ; FtrFishHarisenbon ; Fish45
08D8 ; FtrFishAji ; Fish46
08D9 ; FtrFishIshidai ; Fish47
08DA ; FtrFishSuzuki ; Fish48
08DB ; FtrFishTai ; Fish49
08DC ; FtrFishKarei ; Fish50
08DD ; FtrFishHirame ; Fish51
08DE ; FtrFishIka ; Fish52
08DF ; FtrFishUtsubo ; Fish55
08E0 ; FtrFishHanahige ; Fish71
08E1 ; FtrFishChouchinankou ; Fish56
08E2 ; FtrFishMaguro ; Fish57
08E3 ; FtrFishKajiki ; Fish58
08E4 ; FtrFishGT ; Fish70
08E5 ; FtrFishEi ; Fish59
08E6 ; FtrFishManbou ; Fish60
08E7 ; FtrFishShumokuzame ; Fish61
08E8 ; FtrFishSame ; Fish62
08E9 ; FtrFishNokogiri ; Fish74
08EA ; FtrFishJinbee ; Fish72
08EB ; FtrFishRyugu ; Fish69
08EC ; FtrFishSirakansu ; Fish63
105D ; FtrFishTyouzame ; Fish75
105E ; FtrFishThirapia ; Fish76
105F ; FtrFishBeta ; Fish77
1060 ; FtrFishKamitukigame ; Fish78
1061 ; FtrFishGoldenTorauto ; Fish79
1062 ; FtrFishRainbowfish ; Fish80
1069 ; FtrFishAntyobi ; Fish81
106A ; FtrFishShiira ; Fish82
106B ; FtrFishKobanzame ; Fish83
106C ; FtrFishDemenigisu ; Fish84
1486 ; FtrFishRanchu ; Fish85
0A3C ; FtrDiveFishWakame ; Wakame
0B0E ; FtrDiveFishUmibudou ; Umibudou
0B0F ; FtrDiveFishUni ; Uni
0B10 ; FtrDiveFishFujitsubo ; Fujitsubo
0B11 ; FtrDiveFishKaki ; Kaki
0B12 ; FtrDiveFishSazae ; Sazae
0B13 ; FtrDiveFishAwabi ; Awabi
0B16 ; FtrDiveFishAkoyagai ; Akoyagai
0B17 ; FtrDiveFishHotate ; Hotate
0B18 ; FtrDiveFishIsogintyaku ; Isogintyaku
0B19 ; FtrDiveFishHitode ; Hitode
0B1A ; FtrDiveFishNamako ; Namako
0B1B ; FtrDiveFishUmiushi ; Umiushi
0B1C ; FtrDiveFishHiramushi ; Hiramushi
0B1D ; FtrDiveFishShako ; Shako
0B1E ; FtrDiveFishAmaebi ; Amaebi
0B1F ; FtrDiveFishKurumaebi ; Kurumaebi
0B20 ; FtrDiveFishIseebi ; Iseebi
0B21 ; FtrDiveFishLobster ; Fish54
0B22 ; FtrDiveFishZuwaigani ; Zuwaigani
0B24 ; FtrDiveFishTarabagani ; Tarabagani
0B25 ; FtrDiveFishTakaashigani ; Takaashigani
0B26 ; FtrDiveFishTako ; Tako
0B27 ; FtrDiveFishChinanago ; Chinanago
0B28 ; FtrDiveFishOumugai ; Oumugai
0B29 ; FtrDiveFishKabutogani ; Kabutogani
0B2A ; FtrDiveFishDaiougusokumushi ; Daiougusokumushi
1B08 ; FtrDiveFishHotaruika ; Hotaruika
1C17 ; FtrDiveFishGazami ; Gazami
1C23 ; FtrDiveFishKoumoridako ; Koumoridako
1C2E ; FtrDiveFishShakogai ; Shakogai
1C3C ; FtrDiveFishHoya ; Hoya
1C4D ; FtrDiveFishMizukurage ; Mizukurage
1C54 ; FtrDiveFishMendako ; Mendako
1C63 ; FtrDiveFishPaipuuni ; Paipuuni
1C6E ; FtrDiveFishBaigai ; Baigai
1C87 ; FtrDiveFishSenjunamako ; Senjunamako
1C8C ; FtrDiveFishDungenessCrab ; DungenessCrab
1C96 ; FtrDiveFishKairoudouketsu ; Kairoudouketsu
1CF3 ; FtrDiveFishMuhrugai ; Muhrugai
0C03 ; ToolPlasterFirst ; Liner
0A43 ; PltCosmosRed1 ; PltCosmos1
0A44 ; PltCosmosRed2 ; PltCosmos1
0A46 ; PltCosmosWhite1 ; PltCosmos0
0A47 ; PltCosmosWhite2 ; PltCosmos0
0AF2 ; PltCedar1 ; PltConifer
0AF3 ; PltCedar2 ; PltConifer
0AF4 ; PltCedar3 ; PltConifer
0AF5 ; PltCedar4 ; PltConifer
0B31 ; PltCosmosYellow1 ; PltCosmos2
0B32 ; PltCosmosYellow2 ; PltCosmos2
0B35 ; PltCosmosPink1 ; PltCosmos3
0B36 ; PltCosmosPink2 ; PltCosmos3
0B39 ; PltCosmosOrange1 ; PltCosmos4
0B3A ; PltCosmosOrange2 ; PltCosmos4
0B3D ; PltCosmosBlack1 ; PltCosmos5
0B3E ; PltCosmosBlack2 ; PltCosmos5
0B41 ; PltTulipWhite1 ; PltTurip1
0B42 ; PltTulipWhite2 ; PltTurip1
0B45 ; PltTulipRed1 ; PltTurip0
0B46 ; PltTulipRed2 ; PltTurip0
0B49 ; PltTulipYellow1 ; PltTurip2
0B4A ; PltTulipYellow2 ; PltTurip2
0B4D ; PltTulipPink1 ; PltTurip3
0B4E ; PltTulipPink2 ; PltTurip3
0B51 ; PltTulipOrange1 ; PltTurip6
0B52 ; PltTulipOrange2 ; PltTurip6
0B55 ; PltTulipPurple1 ; PltTurip4
0B56 ; PltTulipPurple2 ; PltTurip4
0B59 ; PltTulipBlack1 ; PltTurip5
0B5A ; PltTulipBlack2 ; PltTurip5
0B5D ; PltPansyWhite1 ; PltPansi0
0B5E ; PltPansyWhite2 ; PltPansi0
0B61 ; PltPansyRed1 ; PltPansi2
0B62 ; PltPansyRed2 ; PltPansi2
0B65 ; PltPansyYellow1 ; PltPansi1
0B66 ; PltPansyYellow2 ; PltPansi1
0B69 ; PltPansyRedYellow1 ; PltPansi4
0B6A ; PltPansyRedYellow2 ; PltPansi4
0B6D ; PltPansyPurple1 ; PltPansi3
0B6E ; PltPansyPurple2 ; PltPansi3
0B71 ; PltPansyBlue1 ; PltPansi5
0B72 ; PltPansyBlue2 ; PltPansi5
0B75 ; PltRoseWhite1 ; PltRose1
0B76 ; PltRoseWhite2 ; PltRose1
0B79 ; PltRoseRed1 ; PltRose0
0B7A ; PltRoseRed2 ; PltRose0
0B7D ; PltRoseYellow1 ; PltRose2
0B7E ; PltRoseYellow2 ; PltRose2
0B81 ; PltRosePink1 ; PltRose3
0B82 ; PltRosePink2 ; PltRose3
0B85 ; PltRoseOrange1 ; PltRose4
0B86 ; PltRoseOrange2 ; PltRose4
0B89 ; PltRosePurple1 ; PltRose5
0B8A ; PltRosePurple2 ; PltRose5
0B8D ; PltRoseBlack1 ; PltRose6
0B8E ; PltRoseBlack2 ; PltRose6
0B91 ; PltRoseBlue1 ; PltRose7
0B92 ; PltRoseBlue2 ; PltRose7
0B95 ; PltRoseGold1 ; PltGoldenRose
0B96 ; PltRoseGold2 ; PltGoldenRose
0BA5 ; PltYuriWhite1 ; PltYuri0
0BA6 ; PltYuriWhite2 ; PltYuri0
0BA9 ; PltYuriRed1 ; PltYuri2
0BAA ; PltYuriRed2 ; PltYuri2
0BAD ; PltYuriYellow1 ; PltYuri1
0BAE ; PltYuriYellow2 ; PltYuri1
0BB1 ; PltYuriPink1 ; PltYuri4
0BB2 ; PltYuriPink2 ; PltYuri4
0BB5 ; PltYuriOrange1 ; PltYuri3
0BB6 ; PltYuriOrange2 ; PltYuri3
0BB9 ; PltYuriBlack1 ; PltYuri5
0BBA ; PltYuriBlack2 ; PltYuri5
0BEC ; PltSquash1 ; PltSquashOrange
0BED ; PltSquash2 ; PltSquashOrange
0E7F ; PltAnemonesWhite1 ; PltAnemone0
0E80 ; PltAnemonesWhite2 ; PltAnemone0
0E83 ; PltAnemonesOrange1 ; PltAnemone2
0E84 ; PltAnemonesOrange2 ; PltAnemone2
0E86 ; PltAnemonesBlue1 ; PltAnemone5
0E87 ; PltAnemonesBlue2 ; PltAnemone5
0E89 ; PltAnemonesPink1 ; PltAnemone3
0E8A ; PltAnemonesPink2 ; PltAnemone3
0E8D ; PltAnemonesRed1 ; PltAnemone1
0E8E ; PltAnemonesRed2 ; PltAnemone1
0E90 ; PltAnemonesPurple1 ; PltAnemone4
0E91 ; PltAnemonesPurple2 ; PltAnemone4
0E94 ; PltHyacinthWhite1 ; PltHyacinth0
0E95 ; PltHyacinthWhite2 ; PltHyacinth0
0E98 ; PltHyacinthYellow1 ; PltHyacinth1
0E99 ; PltHyacinthYellow2 ; PltHyacinth1
0E9B ; PltHyacinthPink1 ; PltHyacinth4
0E9C ; PltHyacinthPink2 ; PltHyacinth4
0E9E ; PltHyacinthOrange1 ; PltHyacinth3
0E9F ; PltHyacinthOrange2 ; PltHyacinth3
0EA2 ; PltHyacinthRed1 ; PltHyacinth2
0EA3 ; PltHyacinthRed2 ; PltHyacinth2
0EA5 ; PltHyacinthBlue1 ; PltHyacinth6
0EA6 ; PltHyacinthBlue2 ; PltHyacinth6
0EA8 ; PltHyacinthPurple1 ; PltHyacinth5
0EA9 ; PltHyacinthPurple2 ; PltHyacinth5
0EAC ; PltMumWhite1 ; PltMum0
0EAD ; PltMumWhite2 ; PltMum0
0EB0 ; PltMumYellow1 ; PltMum1
0EB1 ; PltMumYellow2 ; PltMum1
0EB3 ; PltMumPurple1 ; PltMum5
0EB4 ; PltMumPurple2 ; PltMum5
0EB6 ; PltMumPink1 ; PltMum3
0EB7 ; PltMumPink2 ; PltMum3
0EBA ; PltMumRed1 ; PltMum2
0EBB ; PltMumRed2 ; PltMum2
0EC2 ; PltMumGreen1 ; PltMum4
0EC3 ; PltMumGreen2 ; PltMum4
0EEF ; PltCosmosRed0 ; PltCosmos1
0EF0 ; PltCosmosRed3 ; PltCosmos1
0EF1 ; PltCosmosWhite0 ; PltCosmos0
0EF2 ; PltCosmosWhite3 ; PltCosmos0
0EF3 ; PltCosmosYellow0 ; PltCosmos2
0EF4 ; PltCosmosYellow3 ; PltCosmos2
0EF6 ; PltCosmosPink3 ; PltCosmos3
0EF8 ; PltCosmosOrange3 ; PltCosmos4
0EFA ; PltCosmosBlack3 ; PltCosmos5
0EFB ; PltTulipWhite0 ; PltTurip1
0EFC ; PltTulipWhite3 ; PltTurip1
0EFD ; PltTulipRed0 ; PltTurip0
0EFE ; PltTulipRed3 ; PltTurip0
0EFF ; PltTulipYellow0 ; PltTurip2
0F00 ; PltTulipYellow3 ; PltTurip2
0F02 ; PltTulipPink3 ; PltTurip3
0F04 ; PltTulipOrange3 ; PltTurip6
0F06 ; PltTulipPurple3 ; PltTurip4
0F08 ; PltTulipBlack3 ; PltTurip5
0F09 ; PltPansyWhite0 ; PltPansi0
0F0A ; PltPansyWhite3 ; PltPansi0
0F0B ; PltPansyRed0 ; PltPansi2
0F0C ; PltPansyRed3 ; PltPansi2
0F0D ; PltPansyYellow0 ; PltPansi1
0F0E ; PltPansyYellow3 ; PltPansi1
0F10 ; PltPansyRedYellow3 ; PltPansi4
0F12 ; PltPansyPurple3 ; PltPansi3
0F14 ; PltPansyBlue3 ; PltPansi5
0F15 ; PltRoseWhite0 ; PltRose1
0F16 ; PltRoseWhite3 ; PltRose1
0F17 ; PltRoseRed0 ; PltRose0
0F18 ; PltRoseRed3 ; PltRose0
0F19 ; PltRoseYellow0 ; PltRose2
0F1A ; PltRoseYellow3 ; PltRose2
0F1C ; PltRosePink3 ; PltRose3
0F1E ; PltRoseOrange3 ; PltRose4
0F20 ; PltRosePurple3 ; PltRose5
0F22 ; PltRoseBlack3 ; PltRose6
0F24 ; PltRoseBlue3 ; PltRose7
0F26 ; PltRoseGold3 ; PltGoldenRose
0F2D ; PltYuriWhite0 ; PltYuri0
0F2E ; PltYuriWhite3 ; PltYuri0
0F2F ; PltYuriRed0 ; PltYuri2
0F30 ; PltYuriRed3 ; PltYuri2
0F31 ; PltYuriYellow0 ; PltYuri1
0F32 ; PltYuriYellow3 ; PltYuri1
0F34 ; PltYuriPink3 ; PltYuri4
0F36 ; PltYuriOrange3 ; PltYuri3
0F38 ; PltYuriBlack3 ; PltYuri5
0F39 ; PltAnemonesWhite0 ; PltAnemone0
0F3A ; PltAnemonesWhite3 ; PltAnemone0
0F3B ; PltAnemonesOrange0 ; PltAnemone2
0F3C ; PltAnemonesOrange3 ; PltAnemone2
0F3E ; PltAnemonesBlue3 ; PltAnemone5
0F40 ; PltAnemonesPink3 ; PltAnemone3
0F41 ; PltAnemonesRed0 ; PltAnemone1
0F42 ; PltAnemonesRed3 ; PltAnemone1
0F44 ; PltAnemonesPurple3 ; PltAnemone4
0F45 ; PltHyacinthWhite0 ; PltHyacinth0
0F46 ; PltHyacinthWhite3 ; PltHyacinth0
0F47 ; PltHyacinthYellow0 ; PltHyacinth1
0F48 ; PltHyacinthYellow3 ; PltHyacinth1
0F4A ; PltHyacinthPink3 ; PltHyacinth4
0F4C ; PltHyacinthOrange3 ; PltHyacinth3
0F4D ; PltHyacinthRed0 ; PltHyacinth2
0F4E ; PltHyacinthRed3 ; PltHyacinth2
0F50 ; PltHyacinthBlue3 ; PltHyacinth6
0F52 ; PltHyacinthPurple3 ; PltHyacinth5
0F53 ; PltMumWhite0 ; PltMum0
0F54 ; PltMumWhite3 ; PltMum0
0F55 ; PltMumYellow0 ; PltMum1
0F56 ; PltMumYellow3 ; PltMum1
0F58 ; PltMumPurple3 ; PltMum5
0F5A ; PltMumPink3 ; PltMum3
0F5B ; PltMumRed0 ; PltMum2
0F5C ; PltMumRed3 ; PltMum2
0F5E ; PltMumGreen3 ; PltMum4
110A ; PltSquash3 ; PltSquashOrange
141F ; PltCedar0 ; PltConifer
2277 ; RugMyDesign ; Carpet
0ABE ; TutorialTent ; Tent
0AC3 ; MuseumTent ; TentWhite
0AC4 ; ShopTent ; TentWhite
0AC5 ; NnpcTent ; Tent
0D15 ; NnpcNewHousingkit ; TentWhite
1095 ; QuestWrappingBox ; Present2
10D6 ; BridgeReserveKit ; TentWhite
10D7 ; SlopeReserveKit ; TentWhite
113B ; HousingKitTailor ; TentWhite
1180 ; DummyPresentbox ; Present
1225 ; DummyCardboard ; Icon_Box^w
142E ; CampsiteReserveKit ; TentWhite
14ED ; MovingKitNNPC ; TentWhite
14EE ; MovingKitPlayer ; TentWhite
14EF ; MovingKitTailor ; TentWhite
14F0 ; MovingKitShop ; TentWhite
14F1 ; MovingKitMuseum ; TentWhite
16A1 ; MessageBottle ; BottleRecipe
16C3 ; HousingKitRcoQuestA ; TentWhite
16C4 ; HousingKitRcoQuestB ; TentWhite
16C5 ; HousingKitRcoQuestC ; TentWhite
1AB9 ; MovingKitCampsite ; TentWhite
1C2B ; BridgeLogReserveKit ; TentWhite
2245 ; FtrGroundMakerStone ; RoadTexC^_A
2246 ; FtrGroundMakerBrick ; RoadTexD^_A
2247 ; FtrGroundMakerDarkSoil ; RoadTexE^_A
2248 ; FtrGroundMakerStonePattern ; RoadTexF^_A
2249 ; FtrGroundMakerSand ; RoadTexG^_A
224A ; FtrGroundMakerTile ; RoadTexH^_A
224B ; FtrGroundMakerWood ; RoadTexI^_A
224C ; FtrRiverMaker ; RoadCreationIconRiver^w
224D ; FtrCliffMaker ; ToolCliffMaker
2359 ; HowtoBookHairPop ; HowtoBookHair
235A ; HowtoBookHairCool ; HowtoBookHair
235B ; HowtoBookHairColor ; HowtoBookHair
235C ; HowtoBookPocketExpansion ; HowtoBookExpansion
2405 ; DIYbookNormalTools ; BookRecipe
2590 ; HowtoBookRingMenuUI ; HowtoBookExpansion
262B ; FtrGroundMakerMydesign ; MyDesignPro
2B84 ; HowtoBookPocketExpansion2 ; HowtoBookExpansion
2F99 ; HowtoBookMydesingPro ; MyDesignPro
33C8 ; HowtoBookBodyColor ; HowtoBookHair
33C9 ; HowtoBookEyeColor ; HowtoBookHair
0946 ; LostQuestBag ; Porch
0947 ; LostQuestBook ; Book
094D ; JohnnyQuest1 ; JohnyParts
09F1 ; TreasureCapsule ; Present2
09F2 ; TreasureCapsuleDust ; Present2
0C04 ; SequenceOnly002 ; YellowPaperBag
0C05 ; SequenceOnly003 ; YellowPaperBag
1532 ; LostQuestNote ; LostQuestMemo
17AA ; SequenceOnly005 ; Leaf
1AEF ; DummyOK ; Leaf
1AF0 ; DummyNG ; Leaf
2443 ; SequenceOnlyCloth ; YellowPaperBag
2FB4 ; DemoMileCard ; Leaf
10DB ; mjk_Miss1 ; Leaf
10DC ; mjk_Miss2 ; Leaf
10DD ; mjk_Miss3 ; Leaf
16E7 ; SlopeStoneStair ; Slope
16E8 ; SlopeIronStair ; Slope
16E9 ; SlopeWood ; Slope
16EA ; SlopeNatural ; Slope
16EB ; SlopeWoodStair ; Slope
16EC ; SlopeWoodBlue ; Slope
16ED ; SlopeIronStairBlue ; Slope
16EE ; SlopeBrickStair ; Slope
1718 ; BridgeStone ; Bridge
1719 ; BridgeSuspension ; Bridge
171A ; BridgeWood ; Bridge
171B ; BridgeBricks ; Bridge
171C ; BridgeJapanese ; Bridge
171D ; BridgeLog ; Bridge
171E ; BridgeRed ; Bridge
171F ; BridgeIron ; Bridge
3422 ; PlayerMovingHousingKit ; TentWhite
360C ; ToolBigbagPresent ; SantaSack
362D ; QuestChristmasPresentbox ; Present
35D3 ; HarvestMeuniere ; Leaf
35D4 ; HarvestGratin ; Leaf
35D5 ; HarvestClamchowder ; Leaf
35D6 ; HarvestPiePumpkin ; Leaf
35E8 ; HarvestClamchowderPu ; Leaf
35E9 ; HarvestPiePumpkinPu ; Leaf
35EA ; HarvestMeunierePu ; Leaf
35EB ; HarvestGratinPu ; Leaf
352A ; HowtoBookReaction ; HowtoBookExpansion
35C6 ; HowtoBookHairRock ; HowtoBookHair
EA65 ; PltTreeOak0 ; PltOak
EA66 ; PltTreeOak1 ; PltOak
EA67 ; PltTreeOak2 ; PltOak
EA68 ; PltTreeOak3 ; PltOak
EA60 ; PltTreeOak4 ; PltOak
EC6D ; PltTreeOak1Stump ; PltOak
EC6C ; PltTreeOak2Stump ; PltOak
EC6B ; PltTreeOak3Stump ; PltOak
EA9F ; PltTreeOak4Stump ; PltOak
ECBC ; PltTreeFruitStump1 ; PltOak
ECBD ; PltTreeFruitStump2 ; PltOak
ECBE ; PltTreeFruitStump3 ; PltOak
ECBF ; PltTreeFruitStump4 ; PltOak
EAB5 ; PltTreeCedar0 ; PltConifer
EAB7 ; PltTreeCedar1 ; PltConifer
EAB6 ; PltTreeCedar2 ; PltConifer
EAB8 ; PltTreeCedar3 ; PltConifer
EA69 ; PltTreeCedar4 ; PltConifer
EC70 ; PltTreeCedar1Stump ; PltConifer
EC6F ; PltTreeCedar2Stump ; PltConifer
EC6E ; PltTreeCedar3Stump ; PltConifer
EAB4 ; PltTreeCedar4Stump ; PltConifer
EABF ; PltTreePalm0 ; PltPalm
EAC1 ; PltTreePalm1 ; PltPalm
EAC0 ; PltTreePalm2 ; PltPalm
EAC2 ; PltTreePalm3 ; PltPalm
EA77 ; PltTreePalm4 ; PltPalm
EC78 ; PltTreePalm1Stump ; PltPalm
EC79 ; PltTreePalm2Stump ; PltPalm
EC7A ; PltTreePalm3Stump ; PltPalm
EABE ; PltTreePalm4Stump ; PltPalm
EAC4 ; PltTreeBamboo0 ; PltBamboo
EAC6 ; PltTreeBamboo1 ; PltBamboo
EAC5 ; PltTreeBamboo2 ; PltBamboo
EAC7 ; PltTreeBamboo3 ; PltBamboo
EA76 ; PltTreeBamboo4 ; PltBamboo
EAC3 ; PltTreeBamboo4Stump ; PltBamboo
EC73 ; PltTreeBamboo1Stump ; PltBamboo
EC72 ; PltTreeBamboo2Stump ; PltBamboo
EC71 ; PltTreeBamboo3Stump ; PltBamboo
EBD3 ; PltTreeApple0 ; PltApple
EBD0 ; PltTreeApple1 ; PltApple
EBD1 ; PltTreeApple2 ; PltApple
EBD2 ; PltTreeApple3 ; PltApple
EA61 ; PltTreeApple ; PltApple
EBC8 ; PltTreeOrange0 ; PltOrange
EBC9 ; PltTreeOrange1 ; PltOrange
EBCA ; PltTreeOrange2 ; PltOrange
EBCB ; PltTreeOrange3 ; PltOrange
EA62 ; PltTreeOrange ; PltOrange
EBCC ; PltTreePear0 ; PltPear
EBCD ; PltTreePear1 ; PltPear
EBCE ; PltTreePear2 ; PltPear
EBCF ; PltTreePear3 ; PltPear
EAC8 ; PltTreePear ; PltPear
EBC4 ; PltTreePeach0 ; PltPeach
EBC5 ; PltTreePeach1 ; PltPeach
EBC6 ; PltTreePeach2 ; PltPeach
EBC7 ; PltTreePeach3 ; PltPeach
EACA ; PltTreePeach ; PltPeach
EBC2 ; PltTreeCherry0 ; PltCherry
EBC3 ; PltTreeCherry1 ; PltCherry
EBC1 ; PltTreeCherry2 ; PltCherry
EBC0 ; PltTreeCherry3 ; PltCherry
EAC9 ; PltTreeCherry ; PltCherry
EACC ; PltBushAzalea0White ; PltAzaleaWhite
EAD0 ; PltBushAzalea1White ; PltAzaleaWhite
EACF ; PltBushAzalea2White ; PltAzaleaWhite
EACB ; PltBushAzalea3White ; PltAzaleaWhite
EACF ; PltBushAzalea4White ; PltAzaleaWhite
EC21 ; PltBushAzalea0Pink ; PltAzaleaPink
EC20 ; PltBushAzalea1Pink ; PltAzaleaPink
EC24 ; PltBushAzalea2Pink ; PltAzaleaPink
EC23 ; PltBushAzalea3Pink ; PltAzaleaPink
EC24 ; PltBushAzalea4Pink ; PltAzaleaPink
EBF9 ; PltBushHydrangea ; PltHydrangeaBlue
EBFC ; PltBushHydrangea1Blue ; PltHydrangeaBlue
EBFF ; PltBushHydrangea2Blue ; PltHydrangeaBlue
EBFE ; PltBushHydrangea3Blue ; PltHydrangeaBlue
EBFF ; PltBushHydrangea4Blue ; PltHydrangeaBlue
EBFB ; PltBushHydrangea0Pink ; PltHydrangeaPink
EC00 ; PltBushHydrangea1Pink ; PltHydrangeaPink
EC03 ; PltBushHydrangea2Pink ; PltHydrangeaPink
EC02 ; PltBushHydrangea3Pink ; PltHydrangeaPink
EC03 ; PltBushHydrangea4Pink ; PltHydrangeaPink
EAD2 ; PltBushHibiscus0Red ; PltHibiscusRed
EAD5 ; PltBushHibiscus1Red ; PltHibiscusRed
EAD4 ; PltBushHibiscus2Red ; PltHibiscusRed
EAD1 ; PltBushHibiscus3Red ; PltHibiscusRed
EAD4 ; PltBushHibiscus4Red ; PltHibiscusRed
EC25 ; PltBushHibiscus0Yellow ; PltHibiscusYellow
EC26 ; PltBushHibiscus1Yellow ; PltHibiscusYellow
EC29 ; PltBushHibiscus2Yellow ; PltHibiscusYellow
EC28 ; PltBushHibiscus3Yellow ; PltHibiscusYellow
EC29 ; PltBushHibiscus4Yellow ; PltHibiscusYellow
EAD7 ; PltBushHolly0 ; PltHolly
EAD9 ; PltBushHolly1 ; PltHolly
EADA ; PltBushHolly2 ; PltHolly
EAD6 ; PltBushHolly3 ; PltHolly
EADA ; PltBushHolly4 ; PltHolly
ECF8 ; PltBushOsmathus1Yello ; PltBushOsmathusYellow
ECF6 ; PltBushOsmathus2Yello ; PltBushOsmathusYellow
ECF4 ; PltBushOsmathus3Yello ; PltBushOsmathusYellow
ECF5 ; PltBushOsmathus4Yello ; PltBushOsmathusYellow
ECF4 ; PltBushOsmathus5Yello ; PltBushOsmathusYellow
ECFC ; PltBushOsmathus1Orange ; PltBushOsmathusOrange
ECFD ; PltBushOsmathus2Orange ; PltBushOsmathusOrange
ECF9 ; PltBushOsmathus3Orange ; PltBushOsmathusOrange
ECFA ; PltBushOsmathus4Orange ; PltBushOsmathusOrange
ECF9 ; PltBushOsmathus5Orange ; PltBushOsmathusOrange
ED02 ; PltBushCamellia1Red ; PltBushCamelliaRed
ED04 ; PltBushCamellia2Red ; PltBushCamelliaRed
ED06 ; PltBushCamellia3Red ; PltBushCamelliaRed
ED06 ; PltBushCamellia4Red ; PltBushCamelliaRed
ED07 ; PltBushCamellia5Red ; PltBushCamelliaRed
ECFE ; PltBushCamellia1Pink ; PltBushCamelliaPink
ECFF ; PltBushCamellia2Pink ; PltBushCamelliaPink
ED01 ; PltBushCamellia3Pink ; PltBushCamelliaPink
ED01 ; PltBushCamellia4Pink ; PltBushCamelliaPink
ED03 ; PltBushCamellia5Pink ; PltBushCamelliaPink
ECAF ; PltVgtSquash0Orange ; PltSquashOrange
ECB0 ; PltVgtSquash1Orange ; PltSquashOrange
ECB1 ; PltVgtSquash2Orange ; PltSquashOrange
ECA9 ; PltVgtSquash3Orange ; PltSquashOrange
ECAA ; PltVgtSquash0Yellow ; PltSquashYellow
ECAB ; PltVgtSquash1Yellow ; PltSquashYellow
ECAC ; PltVgtSquash2Yellow ; PltSquashYellow
ECAD ; PltVgtSquash3Yellow ; PltSquashYellow
ECAE ; PltVgtSquash0Green ; PltSquashGreen
ECA5 ; PltVgtSquash1Green ; PltSquashGreen
ECA6 ; PltVgtSquash2Green ; PltSquashGreen
ECA7 ; PltVgtSquash3Green ; PltSquashGreen
ECA4 ; PltVgtSquash0White ; PltSquashWhite
ECA3 ; PltVgtSquash1White ; PltSquashWhite
ECA2 ; PltVgtSquash2White ; PltSquashWhite
ECA1 ; PltVgtSquash3White ; PltSquashWhite
ED3F ; PltVgtSquash0 ; PltSquashOrange
ED40 ; PltVgtSquash1 ; PltSquashOrange
ED41 ; PltVgtSquash2 ; PltSquashOrange
EB28 ; PltWeedSpr1A ; Weed
EB30 ; PltWeedSpr1B ; Weed
EB31 ; PltWeedSpr1C ; Weed
EB32 ; PltWeedSpr2A ; Weed
EB33 ; PltWeedSpr2B ; Weed
EB34 ; PltWeedSpr2C ; Weed
EB35 ; PltWeedSpr3 ; Weed
EA86 ; PltWeedSmr1A ; Weed
EA87 ; PltWeedSmr1B ; Weed
EA88 ; PltWeedSmr1C ; Weed
EB02 ; PltWeedSmr2A ; Weed
EB04 ; PltWeedSmr2B ; Weed
EB03 ; PltWeedSmr2C ; Weed
EB01 ; PltWeedSmr3 ; Weed
EA81 ; PltWeedAut1A ; Weed
EA82 ; PltWeedAut1B ; Weed
EA83 ; PltWeedAut1C ; Weed
EB19 ; PltWeedAut2A ; Weed
EB17 ; PltWeedAut2B ; Weed
EB18 ; PltWeedAut2C ; Weed
EB05 ; PltWeedAut3 ; Weed
EC8C ; PltWeedAut11A ; Weed
EC86 ; PltWeedAut11B ; Weed
EC87 ; PltWeedAut11C ; Weed
EC88 ; PltWeedAut12A ; Weed
EC89 ; PltWeedAut12B ; Weed
EC8A ; PltWeedAut12C ; Weed
EC8B ; PltWeedAut13 ; Weed
EC83 ; PltWeedAut21A ; Weed
EC84 ; PltWeedAut21B ; Weed
EC85 ; PltWeedAut21C ; Weed
EC81 ; PltWeedAut22A ; Weed
EC82 ; PltWeedAut22B ; Weed
EC80 ; PltWeedAut22C ; Weed
EC7F ; PltWeedAut23 ; Weed
EB36 ; PltWeedWin1A ; Weed
EB37 ; PltWeedWin1B ; Weed
EB38 ; PltWeedWin1C ; Weed
EB39 ; PltWeedWin2A ; Weed
EB3A ; PltWeedWin2B ; Weed
EB3B ; PltWeedWin2C ; Weed
EB3C ; PltWeedWin3 ; Weed
EC91 ; PltWeedWin11A ; Weed
EC92 ; PltWeedWin11B ; Weed
EC93 ; PltWeedWin11C ; Weed
EC8F ; PltWeedWin12A ; Weed
EC90 ; PltWeedWin12B ; Weed
EC8E ; PltWeedWin12C ; Weed
EC8D ; PltWeedWin13 ; Weed
EC9A ; PltTreeCedarDecoA ; ChristmasOrnamentA
EC97 ; PltTreeCedarDecoB ; ChristmasOrnamentB
EC9F ; PltTreeMoney0 ; PltMoney
ECA0 ; PltTreeMoney1 ; PltMoney
EC9E ; PltTreeMoney2 ; PltMoney
EC9D ; PltTreeMoney3 ; PltMoney
EC9C ; PltTreeMoney4 ; PltMoney
ED16 ; PltTreeEasterEgg ; EggLeaf_0
EC62 ; PltFlwCosmos0Red ; Cosmos1
EA6F ; PltFlwCosmos1Red ; Cosmos1
EA70 ; PltFlwCosmos2Red ; Cosmos1
EA71 ; PltFlwCosmos3Red ; Cosmos1
EC64 ; PltFlwCosmos0Yellow ; Cosmos2
EA89 ; PltFlwCosmos1Yellow ; Cosmos2
EA8A ; PltFlwCosmos2Yellow ; Cosmos2
EA8B ; PltFlwCosmos3Yellow ; Cosmos2
EC65 ; PltFlwCosmos0White ; Cosmos0
EA72 ; PltFlwCosmos1White ; Cosmos0
EA73 ; PltFlwCosmos2White ; Cosmos0
EA74 ; PltFlwCosmos3White ; Cosmos0
EAFC ; PltFlwCosmos1Orange ; Cosmos4
EAFD ; PltFlwCosmos2Orange ; Cosmos4
EAF8 ; PltFlwCosmos3Orange ; Cosmos4
EAFE ; PltFlwCosmos1Pink ; Cosmos3
EAFF ; PltFlwCosmos2Pink ; Cosmos3
EAFA ; PltFlwCosmos3Pink ; Cosmos3
EAFB ; PltFlwCosmos1Black ; Cosmos5
EAF7 ; PltFlwCosmos2Black ; Cosmos5
EAF9 ; PltFlwCosmos3Black ; Cosmos5
EC69 ; PltFlwTulip0White ; Turip1
EB3D ; PltFlwTulip1White ; Turip1
EB3E ; PltFlwTulip2White ; Turip1
EB3F ; PltFlwTulip3White ; Turip1
EC63 ; PltFlwTulip0Red ; Turip0
EB40 ; PltFlwTulip1Red ; Turip0
EB41 ; PltFlwTulip2Red ; Turip0
EB42 ; PltFlwTulip3Red ; Turip0
EC4A ; PltFlwTulip0Yellow ; Turip2
EB43 ; PltFlwTulip1Yellow ; Turip2
EB44 ; PltFlwTulip2Yellow ; Turip2
EB45 ; PltFlwTulip3Yellow ; Turip2
EB46 ; PltFlwTulip1Pink ; Turip3
EB47 ; PltFlwTulip2Pink ; Turip3
EB48 ; PltFlwTulip3Pink ; Turip3
EB49 ; PltFlwTulip1Orange ; Turip6
EB4A ; PltFlwTulip2Orange ; Turip6
EB4B ; PltFlwTulip3Orange ; Turip6
EB4C ; PltFlwTulip1Purple ; Turip4
EB4D ; PltFlwTulip2Purple ; Turip4
EB4E ; PltFlwTulip3Purple ; Turip4
EB4F ; PltFlwTulip1Black ; Turip5
EB50 ; PltFlwTulip2Black ; Turip5
EB51 ; PltFlwTulip3Black ; Turip5
EC50 ; PltFlwPansy0White ; Pansi0
EB52 ; PltFlwPansy1White ; Pansi0
EB53 ; PltFlwPansy2White ; Pansi0
EB54 ; PltFlwPansy3White ; Pansi0
EC51 ; PltFlwPansy0Red ; Pansi2
EB55 ; PltFlwPansy1Red ; Pansi2
EB56 ; PltFlwPansy2Red ; Pansi2
EB57 ; PltFlwPansy3Red ; Pansi2
EC52 ; PltFlwPansy0Yellow ; Pansi1
EB58 ; PltFlwPansy1Yellow ; Pansi1
EB59 ; PltFlwPansy2Yellow ; Pansi1
EB5A ; PltFlwPansy3Yellow ; Pansi1
EB5B ; PltFlwPansy1RedYellow ; Pansi4
EB5C ; PltFlwPansy2RedYellow ; Pansi4
EB5D ; PltFlwPansy3RedYellow ; Pansi4
EB5E ; PltFlwPansy1Purple ; Pansi3
EB5F ; PltFlwPansy2Purple ; Pansi3
EB60 ; PltFlwPansy3Purple ; Pansi3
EB61 ; PltFlwPansy1Blue ; Pansi5
EB62 ; PltFlwPansy2Blue ; Pansi5
EB63 ; PltFlwPansy3Blue ; Pansi5
EC56 ; PltFlwRose0White ; Rose1
EB64 ; PltFlwRose1White ; Rose1
EB65 ; PltFlwRose2White ; Rose1
EB66 ; PltFlwRose3White ; Rose1
EC57 ; PltFlwRose0Red ; Rose0
EB67 ; PltFlwRose1Red ; Rose0
EB68 ; PltFlwRose2Red ; Rose0
EB69 ; PltFlwRose3Red ; Rose0
EC58 ; PltFlwRose0Yellow ; Rose2
EB6A ; PltFlwRose1Yellow ; Rose2
EB6B ; PltFlwRose2Yellow ; Rose2
EB6C ; PltFlwRose3Yellow ; Rose2
EB6D ; PltFlwRose1Pink ; Rose3
EB6E ; PltFlwRose2Pink ; Rose3
EB6F ; PltFlwRose3Pink ; Rose3
EB70 ; PltFlwRose1Orange ; Rose4
EB71 ; PltFlwRose2Orange ; Rose4
EB72 ; PltFlwRose3Orange ; Rose4
EB73 ; PltFlwRose1Purple ; Rose5
EB74 ; PltFlwRose2Purple ; Rose5
EB75 ; PltFlwRose3Purple ; Rose5
EB76 ; PltFlwRose1Black ; Rose6
EB77 ; PltFlwRose2Black ; Rose6
EB78 ; PltFlwRose3Black ; Rose6
EB79 ; PltFlwRose1Blue ; Rose7
EB7A ; PltFlwRose2Blue ; Rose7
EB7B ; PltFlwRose3Blue ; Rose7
EB7C ; PltFlwRose1Gold ; GoldenRose
EB7D ; PltFlwRose2Gold ; GoldenRose
EB7E ; PltFlwRose3Gold ; GoldenRose
EC60 ; PltFlwYuri0White ; Yuri0
EB88 ; PltFlwYuri1White ; Yuri0
EB89 ; PltFlwYuri2White ; Yuri0
EB8A ; PltFlwYuri3White ; Yuri0
EC61 ; PltFlwYuri0Red ; Yuri2
EB8B ; PltFlwYuri1Red ; Yuri2
EB8C ; PltFlwYuri2Red ; Yuri2
EB8D ; PltFlwYuri3Red ; Yuri2
EC5B ; PltFlwYuri0Yellow ; Yuri1
EB8E ; PltFlwYuri1Yellow ; Yuri1
EB8F ; PltFlwYuri2Yellow ; Yuri1
EB90 ; PltFlwYuri3Yellow ; Yuri1
EB91 ; PltFlwYuri1Pink ; Yuri4
EB92 ; PltFlwYuri2Pink ; Yuri4
EB93 ; PltFlwYuri3Pink ; Yuri4
EB94 ; PltFlwYuri1Orange ; Yuri3
EB95 ; PltFlwYuri2Orange ; Yuri3
EB96 ; PltFlwYuri3Orange ; Yuri3
EB97 ; PltFlwYuri1Black ; Yuri5
EB98 ; PltFlwYuri2Black ; Yuri5
EB99 ; PltFlwYuri3Black ; Yuri5
EC42 ; PltFlwAnemones0Red ; Anemone1
EBDF ; PltFlwAnemones1Red ; Anemone1
EBE0 ; PltFlwAnemones2Red ; Anemone1
EBDB ; PltFlwAnemones3Red ; Anemone1
EC43 ; PltFlwAnemones0White ; Anemone0
EC11 ; PltFlwAnemones1White ; Anemone0
EC12 ; PltFlwAnemones2White ; Anemone0
EC13 ; PltFlwAnemones3White ; Anemone0
EC14 ; PltFlwAnemones1Blue ; Anemone5
EC18 ; PltFlwAnemones2Blue ; Anemone5
EC19 ; PltFlwAnemones3Blue ; Anemone5
EC15 ; PltFlwAnemones1Purple ; Anemone4
EC1A ; PltFlwAnemones2Purple ; Anemone4
EC1B ; PltFlwAnemones3Purple ; Anemone4
EC16 ; PltFlwAnemones1Pink ; Anemone3
EC1C ; PltFlwAnemones2Pink ; Anemone3
EC1D ; PltFlwAnemones3Pink ; Anemone3
EC47 ; PltFlwAnemones0Orange ; Anemone2
EC17 ; PltFlwAnemones1Orange ; Anemone2
EC1E ; PltFlwAnemones2Orange ; Anemone2
EC1F ; PltFlwAnemones3Orange ; Anemone2
EC48 ; PltFlwM0Red ; Mum2
EBDD ; PltFlwMum1Red ; Mum2
EBDE ; PltFlwMum2Red ; Mum2
EBDC ; PltFlwMum3Red ; Mum2
EC49 ; PltFlwMum0White ; Mum0
EC04 ; PltFlwMum1White ; Mum0
EC08 ; PltFlwMum2White ; Mum0
EC09 ; PltFlwMum3White ; Mum0
EC3A ; PltFlwMum0Yellow ; Mum1
EC05 ; PltFlwMum1Yellow ; Mum1
EC0A ; PltFlwMum2Yellow ; Mum1
EC0D ; PltFlwMum3Yellow ; Mum1
EC06 ; PltFlwMum1Purple ; Mum5
EC0B ; PltFlwMum2Purple ; Mum5
EC0E ; PltFlwMum3Purple ; Mum5
EC07 ; PltFlwMum1Pink ; Mum3
EC0C ; PltFlwMum2Pink ; Mum3
EC0F ; PltFlwMum3Pink ; Mum3
EC32 ; PltFlwMum1Green ; Mum4
EC33 ; PltFlwMum2Green ; Mum4
EC34 ; PltFlwMum3Green ; Mum4
EC3F ; PltFlwHyacinth0Red ; Hyacinth2
EBE1 ; PltFlwHyacinth1Red ; Hyacinth2
EBE2 ; PltFlwHyacinth2Red ; Hyacinth2
EBDA ; PltFlwHyacinth3Red ; Hyacinth2
EC3B ; PltFlwHyacinth0Yellow ; Hyacinth1
EBE9 ; PltFlwHyacinth1Yellow ; Hyacinth1
EBE7 ; PltFlwHyacinth2Yellow ; Hyacinth1
EBE8 ; PltFlwHyacinth3Yellow ; Hyacinth1
EC38 ; PltFlwHyacinth0White ; Hyacinth0
EBE6 ; PltFlwHyacinth1White ; Hyacinth0
EBE5 ; PltFlwHyacinth2White ; Hyacinth0
EBE4 ; PltFlwHyacinth3White ; Hyacinth0
EBEF ; PltFlwHyacinth1Purple ; Hyacinth5
EBEE ; PltFlwHyacinth2Purple ; Hyacinth5
EBED ; PltFlwHyacinth3Purple ; Hyacinth5
EBF3 ; PltFlwHyacinth1Blue ; Hyacinth6
EBF4 ; PltFlwHyacinth2Blue ; Hyacinth6
EBEA ; PltFlwHyacinth3Blue ; Hyacinth6
EBF2 ; PltFlwHyacinth1Pink ; Hyacinth4
EBF1 ; PltFlwHyacinth2Pink ; Hyacinth4
EBEB ; PltFlwHyacinth3Pink ; Hyacinth4
EBF5 ; PltFlwHyacinth1Orange ; Hyacinth3
EBF0 ; PltFlwHyacinth2Orange ; Hyacinth3
EBEC ; PltFlwHyacinth3Orange ; Hyacinth3
ECC1 ; PltFlwLily3 ; PltSuzuran
EA79 ; Hole ; PitfallSeed
ECC2 ; FenceWoodNatural ; ItemFenceNatural
EB00 ; FenceWallRenga ; ItemFenceWallRenga
EBBA ; FenceVerticalWood ; ItemFenceVerticalWood
EBBF ; FenceBamboo ; ItemFenceBamboo
ECC3 ; FenceLattice3 ; ItemFenceLatiiceNatural
EBD5 ; FenceHorizontalWood ; ItemFenceHorizontalWood
EBD6 ; FenceLog ; ItemFenceLog
EBD8 ; FencePegRope ; ItemFencePegRope
EC74 ; FenceChinese ; ItemFenceChinese
EC7C ; FenceDriedStraw ; ItemFenceDriedStraw
EC7D ; FenceSteel ; ItemFenceSteel
EC7E ; FenceSharply ; ItemFenceSharply
EC9B ; FenceStone ; ItemFenceStone
ECB2 ; FenceBarbedWire ; ItemFenceBarbedWire
ECB6 ; FenceJapanese ; ItemFenceJapanese
ECB7 ; FenceIronAndStone ; ItemFenceIronAndStone
ED0C ; FenceEasterEgg ; ItemFenceEgg
ED0D ; FenceJuneBride ; ItemFenceJuneBride
ED08 ; FenceIkegaki ; ItemFenceIkegaki
ED21 ; FenceMermaid ; ItemFenceMermaid
ED25 ; FenceHalloween ; ItemFenceHalloween
ECC4 ; FenceCommune ; Fence
EB12 ; StoneA ; OreStone
EB13 ; StoneB ; OreStone
EB16 ; StoneC ; OreStone
EB15 ; StoneD ; OreStone
EB14 ; StoneE ; OreStone
0839 ; 100Bell ; 100Bell
083A ; 200Bell ; 100Bell
083B ; 300Bell ; 100Bell
083C ; 400Bell ; 100Bell
083D ; 500Bell ; 100Bell
083E ; 600Bell ; 100Bell
083F ; 700Bell ; 100Bell
0840 ; 800Bell ; 100Bell
0841 ; 900Bell ; 100Bell
0842 ; 1000Bell ; 1000Bell
0843 ; 2000Bell ; 1000Bell
0844 ; 3000Bell ; 1000Bell
0845 ; 4000Bell ; 1000Bell
0846 ; 5000Bell ; 1000Bell
0847 ; 6000Bell ; 1000Bell
0848 ; 7000Bell ; 1000Bell
0849 ; 8000Bell ; 1000Bell
084A ; 9000Bell ; 1000Bell
084B ; 10000Bell ; 1000Bell
084C ; 11000Bell ; 1000Bell
084D ; 12000Bell ; 1000Bell
084E ; 13000Bell ; 1000Bell
084F ; 14000Bell ; 1000Bell
0850 ; 15000Bell ; 1000Bell
0851 ; 16000Bell ; 1000Bell
0852 ; 17000Bell ; 1000Bell
0853 ; 18000Bell ; 1000Bell
0854 ; 19000Bell ; 1000Bell
0855 ; 20000Bell ; 1000Bell
0856 ; 21000Bell ; 1000Bell
0857 ; 22000Bell ; 1000Bell
0858 ; 23000Bell ; 1000Bell
0859 ; 24000Bell ; 1000Bell
085A ; 25000Bell ; 1000Bell
085B ; 26000Bell ; 1000Bell
085C ; 27000Bell ; 1000Bell
085D ; 28000Bell ; 1000Bell
085E ; 29000Bell ; 1000Bell
085F ; 30000Bell ; 1000Bell
0860 ; 31000Bell ; 1000Bell
0861 ; 32000Bell ; 1000Bell
0862 ; 33000Bell ; 1000Bell
0863 ; 34000Bell ; 1000Bell
0864 ; 35000Bell ; 1000Bell
0865 ; 36000Bell ; 1000Bell
0866 ; 37000Bell ; 1000Bell
0867 ; 38000Bell ; 1000Bell
0868 ; 39000Bell ; 1000Bell
0869 ; 40000Bell ; 1000Bell
086A ; 41000Bell ; 1000Bell
086B ; 42000Bell ; 1000Bell
086C ; 43000Bell ; 1000Bell
086D ; 44000Bell ; 1000Bell
086E ; 45000Bell ; 1000Bell
086F ; 46000Bell ; 1000Bell
0870 ; 47000Bell ; 1000Bell
0871 ; 48000Bell ; 1000Bell
0872 ; 49000Bell ; 1000Bell
0873 ; 50000Bell ; 1000Bell
0874 ; 51000Bell ; 1000Bell
0875 ; 52000Bell ; 1000Bell
0876 ; 53000Bell ; 1000Bell
0877 ; 54000Bell ; 1000Bell
0878 ; 55000Bell ; 1000Bell
0879 ; 56000Bell ; 1000Bell
087A ; 57000Bell ; 1000Bell
087B ; 58000Bell ; 1000Bell
087C ; 59000Bell ; 1000Bell
087D ; 60000Bell ; 1000Bell
087E ; 61000Bell ; 1000Bell
087F ; 62000Bell ; 1000Bell
0880 ; 63000Bell ; 1000Bell
0881 ; 64000Bell ; 1000Bell
0882 ; 65000Bell ; 1000Bell
0883 ; 66000Bell ; 1000Bell
0884 ; 67000Bell ; 1000Bell
0885 ; 68000Bell ; 1000Bell
0886 ; 69000Bell ; 1000Bell
0887 ; 70000Bell ; 1000Bell
0888 ; 71000Bell ; 1000Bell
0889 ; 72000Bell ; 1000Bell
088A ; 73000Bell ; 1000Bell
088B ; 74000Bell ; 1000Bell
088C ; 75000Bell ; 1000Bell
088D ; 76000Bell ; 1000Bell
088E ; 77000Bell ; 1000Bell
088F ; 78000Bell ; 1000Bell
0890 ; 79000Bell ; 1000Bell
0891 ; 80000Bell ; 1000Bell
0892 ; 81000Bell ; 1000Bell
0893 ; 82000Bell ; 1000Bell
0894 ; 83000Bell ; 1000Bell
0895 ; 84000Bell ; 1000Bell
0896 ; 85000Bell ; 1000Bell
0897 ; 86000Bell ; 1000Bell
0898 ; 87000Bell ; 1000Bell
0899 ; 88000Bell ; 1000Bell
089A ; 89000Bell ; 1000Bell
089B ; 90000Bell ; 1000Bell
089C ; 91000Bell ; 1000Bell
089D ; 92000Bell ; 1000Bell
089E ; 93000Bell ; 1000Bell
089F ; 94000Bell ; 1000Bell
08A0 ; 95000Bell ; 1000Bell
08A1 ; 96000Bell ; 1000Bell
08A2 ; 97000Bell ; 1000Bell
08A3 ; 98000Bell ; 1000Bell
08A4 ; 99000Bell ; 1000Bell
020D ; FtrOneroomBox3x2 ; Leaf
020E ; FtrOneroomBox3x1 ; Leaf
3206 ; FtrOneroomBox1x1 ; Leaf
3207 ; FtrOneroomBox2x1 ; Leaf
3208 ; FtrOneroomBox2x2 ; Leaf
3209 ; FtrOneroomBox3x3 ; Leaf
0A5B ; PltTomato1 ; SeedTomato
0A5C ; PltTomato2 ; SeedTomato
0BD7 ; PltWheat0 ; SeedWheat
0BD8 ; PltWheat1 ; SeedWheat
0BD9 ; PltWheat2 ; SeedWheat
0BE2 ; PltPotato1 ; SeedPotato
0BE3 ; PltPotato2 ; SeedPotato
0BE6 ; PltCarrot0 ; SeedCarrot
0BE7 ; PltCarrot1 ; SeedCarrot
0BE8 ; PltCarrot2 ; SeedCarrot
3261 ; PltTomato0 ; SeedTomato
3262 ; PltTomato3 ; SeedTomato
3263 ; PltWheat3 ; SeedWheat
3264 ; PltSugarCane3 ; SeedSugarCane
3265 ; PltSugarCane0 ; SeedSugarCane
3266 ; PltPotato3 ; SeedPotato
3267 ; PltPotato0 ; SeedPotato
3269 ; PltCarrot3 ; SeedPotato
33CF ; PltBushPlumeriaPink1 ; SeedBushPlumeriaPink
33D0 ; PltBushPlumeriaPink2 ; SeedBushPlumeriaPink
33D1 ; PltBushPlumeriaPink0 ; SeedBushPlumeriaPink
3425 ; PltBushPlumeriaWhite1 ; SeedBushPlumeriaWhite
3426 ; PltBushPlumeriaWhite2 ; SeedBushPlumeriaWhite
3427 ; PltBushPlumeriaWhite0 ; SeedBushPlumeriaWhite
36DA ; DummyOtoshidamaCh ; OtoshidamaSealCh
36DB ; DummyOtoshidamaKr ; OtoshidamaSealKr
36DC ; DummyOtoshidamaJp ; OtoshidamaSealJp
3738 ; GardenEditStone ; OreStone
373A ; GardenEditTreeCedarStump ; PltConifer
373B ; GardenEditTreePalmStump ; PltPalm
373C ; GardenEditTreeBambooStump ; PltBamboo
373D ; GardenEditTreeCedarDeco ; PltConifer
3A19 ; DummyOneroomCardboard ; OneroomCardboard
39B6 ; DemoPokiBag ; Leaf
ED2A ; PltBushPlumeria0Pink ; PltBushPlumeriaPink
ED28 ; PltBushPlumeria1Pink ; PltBushPlumeriaPink
ED29 ; PltBushPlumeria2Pink ; PltBushPlumeriaPink
ED27 ; PltBushPlumeria3Pink ; PltBushPlumeriaPink
ED26 ; PltBushPlumeria4Pink ; PltBushPlumeriaPink
ED2E ; PltBushPlumeria0White ; PltBushPlumeriaWhite
ED2F ; PltBushPlumeria1White ; PltBushPlumeriaWhite
ED2D ; PltBushPlumeria2White ; PltBushPlumeriaWhite
ED2C ; PltBushPlumeria3White ; PltBushPlumeriaWhite
ED2B ; PltBushPlumeria4White ; PltBushPlumeriaWhite
EA7C ; PltVgtTomato0 ; PltTomato
EA7D ; PltVgtTomato1 ; PltTomato
EA7E ; PltVgtTomato2 ; PltTomato
EA7F ; PltVgtTomato3 ; PltTomato
EADF ; PltVgtWheat0 ; PltWheat
EADE ; PltVgtWheat1 ; PltWheat
EADC ; PltVgtWheat2 ; PltWheat
EADD ; PltVgtWheat3 ; PltWheat
EAE8 ; PltVgtSugarCane0 ; PltSugarCane
EAE7 ; PltVgtSugarCane1 ; PltSugarCane
EAE9 ; PltVgtSugarCane2 ; PltSugarCane
EAE6 ; PltVgtSugarCane3 ; PltSugarCane
EAEC ; PltVgtPotato0 ; PltPotato
EAEB ; PltVgtPotato1 ; PltPotato
EAED ; PltVgtPotato2 ; PltPotato
EAEA ; PltVgtPotato3 ; PltPotato
EAF0 ; PltVgtCarrot0 ; PltCarrot
EAEF ; PltVgtCarrot1 ; PltCarrot
EAF1 ; PltVgtCarrot2 ; PltCarrot
EAEE ; PltVgtCarrot3 ; PltCarrot
ED12 ; PltWeedLight1A ; PltWeedLight
ED14 ; PltWeedLight1B ; PltWeedLight
ED15 ; PltWeedLight1C ; PltWeedLight
ED13 ; PltWeedLight2A ; PltWeedLight
ED11 ; PltWeedLight2B ; PltWeedLight
ED10 ; PltWeedLight2C ; PltWeedLight
ED31 ; PltVineB ; PltVine
ED30 ; PltVineC ; PltVine
ED3B ; LadderKitA1 ; LadderKitA0
ED3C ; LadderKitA2 ; LadderKitA0
ED37 ; LadderKitB1 ; LadderKitB0
ED38 ; LadderKitB2 ; LadderKitB0
ED39 ; LadderKitB3 ; LadderKitB0
ED35 ; LadderKitC1 ; LadderKitC0
ED33 ; LadderKitC2 ; LadderKitC0
ED43 ; LadderKitB4 ; LadderKitB0
ED44 ; LadderKitB5 ; LadderKitB0
ECB8 ; FenceVerticalWood2 ; ItemFenceVerticalWood_Remake_2_0
ECC9 ; FenceVerticalWood6 ; ItemFenceVerticalWood_Remake_4_0
ECCA ; FenceVerticalWood5 ; ItemFenceVerticalWood_Remake_3_0
ECCB ; FenceVerticalWood3 ; ItemFenceVerticalWood_Remake_5_0
ECCC ; FenceVerticalWood4 ; ItemFenceVerticalWood_Remake_6_0
ED5B ; FenceVerticalWood8 ; ItemFenceVerticalWood_Remake_7_0
ED5C ; FenceVerticalWood7 ; ItemFenceVerticalWood_Remake_1_0
ECB3 ; FenceLogWall ; ItemFenceLogWall
EBD7 ; FenceHorizontalLog ; ItemFenceHorizontalLog
EAA1 ; FenceWoodWhite ; ItemFenceNatural_Remake_1_0
EC94 ; FenceWoodBlue ; ItemFenceNatural_Remake_5_0
ECB5 ; FenceWoodPink ; ItemFenceNatural_Remake_6_0
ECC5 ; FenceWoodYellow ; ItemFenceNatural_Remake_3_0
ECC6 ; FenceWoodOrange ; ItemFenceNatural_Remake_2_0
ECC7 ; FenceWoodPurple ; ItemFenceNatural_Remake_7_0
ECC8 ; FenceWoodGreen ; ItemFenceNatural_Remake_4_0
EBD4 ; FenceLattice ; ItemFenceLatiiceNatural_Remake_3_0
ECBA ; FenceLattice2 ; ItemFenceLatiiceNatural_Remake_1_0
ECCD ; FenceLattice8 ; ItemFenceLatiiceNatural_Remake_7_0
ECCE ; FenceLattice7 ; ItemFenceLatiiceNatural_Remake_2_0
ECCF ; FenceLattice5 ; ItemFenceLatiiceNatural_Remake_6_0
ECD0 ; FenceLattice6 ; ItemFenceLatiiceNatural_Remake_5_0
ECD1 ; FenceLattice4 ; ItemFenceLatiiceNatural_Remake_4_0
ECB4 ; FenceLatticeBig ; ItemFenceLatticeBig_Remake_0_0
ECBB ; FenceLatticeBig2 ; ItemFenceLatticeBig_Remake_1_0
ECD2 ; FenceLatticeBig8 ; ItemFenceLatticeBig_Remake_3_0
ECD3 ; FenceLatticeBig7 ; ItemFenceLatticeBig_Remake_4_0
ECD4 ; FenceLatticeBig5 ; ItemFenceLatticeBig_Remake_6_0
ECD5 ; FenceLatticeBig6 ; ItemFenceLatticeBig_Remake_7_0
ECD6 ; FenceLatticeBig3 ; ItemFenceLatticeBig_Remake_5_0
ECD7 ; FenceLatticeBig4 ; ItemFenceLatticeBig_Remake_2_0
EC7B ; FenceConcreteBlock ; ItemFenceConcreteBlock
ECD8 ; FenceJapanese8 ; ItemFenceJapanese_Remake_7_0
ECD9 ; FenceJapanese7 ; ItemFenceJapanese_Remake_6_0
ECDA ; FenceJapanese5 ; ItemFenceJapanese_Remake_4_0
ECDB ; FenceJapanese6 ; ItemFenceJapanese_Remake_5_0
ECDC ; FenceJapanese2 ; ItemFenceJapanese_Remake_1_0
ECDD ; FenceJapanese3 ; ItemFenceJapanese_Remake_2_0
ECDE ; FenceJapanese4 ; ItemFenceJapanese_Remake_3_0
ECDF ; FenceSteel2 ; ItemFenceSteel_Remake_1_0
ECE0 ; FenceSteel3 ; ItemFenceSteel_Remake_3_0
ECE1 ; FenceSteel4 ; ItemFenceSteel_Remake_2_0
ED55 ; FenceSteel8 ; ItemFenceSteel_Remake_7_0
ED56 ; FenceSteel7 ; ItemFenceSteel_Remake_6_0
ED57 ; FenceSteel6 ; ItemFenceSteel_Remake_4_0
ED58 ; FenceSteel5 ; ItemFenceSteel_Remake_5_0
ED48 ; FencePark ; ItemFencePark_Remake_0_0
ED49 ; FencePark2 ; ItemFencePark_Remake_1_0
ED4A ; FencePark5 ; ItemFencePark_Remake_4_0
ED4B ; FencePark4 ; ItemFencePark_Remake_3_0
ED4C ; FencePark6 ; ItemFencePark_Remake_5_0
ED4D ; FencePark3 ; ItemFencePark_Remake_1_0
ED4E ; FencePark8 ; ItemFencePark_Remake_6_0
ED4F ; FencePark7 ; ItemFencePark_Remake_7_0
ED47 ; FenceCorrugatedIron ; ItemFenceCorrugatedIron_Remake_0_0
ED50 ; FenceCorrugatedIron1 ; ItemFenceCorrugatedIron_Remake_3_0
ED51 ; FenceCorrugatedIron2 ; ItemFenceCorrugatedIron_Remake_1_0
ED52 ; FenceCorrugatedIron3 ; ItemFenceCorrugatedIron_Remake_2_0
ED53 ; FenceCorrugatedIron5 ; ItemFenceCorrugatedIron_Remake_7_0
ED54 ; FenceCorrugatedIron4 ; ItemFenceCorrugatedIron_Remake_4_0
ED59 ; FenceCorrugatedIron6 ; ItemFenceCorrugatedIron_Remake_5_0
ED5A ; FenceCorrugatedIron7 ; ItemFenceCorrugatedIron_Remake_6_0
ECE3 ; FenceCrossedBamboo ; ItemFenceCrossedBamboo
ECE2 ; FenceSandProtection ; ItemFenceSandProtection
ECE4 ; FenceIce ; ItemFenceIce_Remake_0_0
ECE6 ; FenceIce05 ; ItemFenceIce_Remake_5_0
ECE7 ; FenceIce04 ; ItemFenceIce_Remake_4_0
ECE8 ; FenceIce06 ; ItemFenceIce_Remake_6_0
ECE9 ; FenceIce01 ; ItemFenceIce_Remake_1_0
ECEA ; FenceIce02 ; ItemFenceIce_Remake_2_0
ECEB ; FenceIce03 ; ItemFenceIce_Remake_3_0
ED09 ; FenceJuneBride4 ; ItemFenceJuneBride_Remake_3_0
ED0A ; FenceJuneBride2 ; ItemFenceJuneBride_Remake_4_0
ED0B ; FenceJuneBride3 ; ItemFenceJuneBride_Remake_2_0
ED0E ; FenceJuneBride1 ; ItemFenceJuneBride_Remake_1_0
ED5D ; FenceJuneBride7 ; ItemFenceJuneBride_Remake_7_0
ED5E ; FenceJuneBride6 ; ItemFenceJuneBride_Remake_6_0
ED5F ; FenceJuneBride5 ; ItemFenceJuneBride_Remake_5_0
ED46 ; FenceGardenPegRope ; Fence